<?xml version="1.0" encoding="UTF-8"?>
<!DOCTYPE mapper PUBLIC "-//mybatis.org//DTD Mapper 3.0//EN" "http://mybatis.org/dtd/mybatis-3-mapper.dtd">
<mapper namespace="com.sxt.mapper.RoleMapper">
  <resultMap id="BaseResultMap" type="com.sxt.domain.Role">
    <id column="roleid" jdbcType="INTEGER" property="roleid" />
    <result column="rolename" jdbcType="VARCHAR" property="rolename" />
  </resultMap>
  <sql id="Base_Column_List">
    roleid, rolename
  </sql>
  <select id="selectByPrimaryKey" parameterType="java.lang.Integer" resultMap="BaseResultMap">
    select 
    <include refid="Base_Column_List" />
    from role
    where roleid = #{roleid,jdbcType=INTEGER}
  </select>
  <delete id="deleteByPrimaryKey" parameterType="java.lang.Integer">
    delete from role
    where roleid = #{roleid,jdbcType=INTEGER}
  </delete>
  <insert id="insert" parameterType="com.sxt.domain.Role">
    insert into role (roleid, rolename)
    values (#{roleid,jdbcType=INTEGER}, #{rolename,jdbcType=VARCHAR})
  </insert>
  <insert id="insertSelective" parameterType="com.sxt.domain.Role">
    insert into role
    <trim prefix="(" suffix=")" suffixOverrides=",">
      <if test="roleid != null">
        roleid,
      </if>
      <if test="rolename != null">
        rolename,
      </if>
    </trim>
    <trim prefix="values (" suffix=")" suffixOverrides=",">
      <if test="roleid != null">
        #{roleid,jdbcType=INTEGER},
      </if>
      <if test="rolename != null">
        #{rolename,jdbcType=VARCHAR},
      </if>
    </trim>
  </insert>
  <update id="updateByPrimaryKeySelective" parameterType="com.sxt.domain.Role">
    update role
    <set>
      <if test="rolename != null">
        rolename = #{rolename,jdbcType=VARCHAR},
      </if>
    </set>
    where roleid = #{roleid,jdbcType=INTEGER}
  </update>
  <update id="updateByPrimaryKey" parameterType="com.sxt.domain.Role">
    update role
    set rolename = #{rolename,jdbcType=VARCHAR}
    where roleid = #{roleid,jdbcType=INTEGER}
  </update>
</mapper>