<?xml version="1.0" encoding="UTF-8"?>
<!DOCTYPE mapper PUBLIC "-//mybatis.org//DTD Mapper 3.0//EN" "http://mybatis.org/dtd/mybatis-3-mapper.dtd">
<mapper namespace="com.sxt.mapper.UserMapper">
  <resultMap id="BaseResultMap" type="com.sxt.domain.User">
    <id column="userid" jdbcType="INTEGER" property="userid" />
    <result column="username" jdbcType="VARCHAR" property="username" />
    <result column="userpwd" jdbcType="VARCHAR" property="userpwd" />
    <result column="sex" jdbcType="VARCHAR" property="sex" />
    <result column="address" jdbcType="VARCHAR" property="address" />
  </resultMap>
  <sql id="Base_Column_List">
    userid, username, userpwd, sex, address
  </sql>
  <select id="selectByPrimaryKey" parameterType="java.lang.Integer" resultMap="BaseResultMap">
    select 
    <include refid="Base_Column_List" />
    from user
    where userid = #{userid,jdbcType=INTEGER}
  </select>
  <delete id="deleteByPrimaryKey" parameterType="java.lang.Integer">
    delete from user
    where userid = #{userid,jdbcType=INTEGER}
  </delete>
  <insert id="insert" parameterType="com.sxt.domain.User">
    insert into user (userid, username, userpwd, 
      sex, address)
    values (#{userid,jdbcType=INTEGER}, #{username,jdbcType=VARCHAR}, #{userpwd,jdbcType=VARCHAR}, 
      #{sex,jdbcType=VARCHAR}, #{address,jdbcType=VARCHAR})
  </insert>
  <insert id="insertSelective" parameterType="com.sxt.domain.User">
    insert into user
    <trim prefix="(" suffix=")" suffixOverrides=",">
      <if test="userid != null">
        userid,
      </if>
      <if test="username != null">
        username,
      </if>
      <if test="userpwd != null">
        userpwd,
      </if>
      <if test="sex != null">
        sex,
      </if>
      <if test="address != null">
        address,
      </if>
    </trim>
    <trim prefix="values (" suffix=")" suffixOverrides=",">
      <if test="userid != null">
        #{userid,jdbcType=INTEGER},
      </if>
      <if test="username != null">
        #{username,jdbcType=VARCHAR},
      </if>
      <if test="userpwd != null">
        #{userpwd,jdbcType=VARCHAR},
      </if>
      <if test="sex != null">
        #{sex,jdbcType=VARCHAR},
      </if>
      <if test="address != null">
        #{address,jdbcType=VARCHAR},
      </if>
    </trim>
  </insert>
  <update id="updateByPrimaryKeySelective" parameterType="com.sxt.domain.User">
    update user
    <set>
      <if test="username != null">
        username = #{username,jdbcType=VARCHAR},
      </if>
      <if test="userpwd != null">
        userpwd = #{userpwd,jdbcType=VARCHAR},
      </if>
      <if test="sex != null">
        sex = #{sex,jdbcType=VARCHAR},
      </if>
      <if test="address != null">
        address = #{address,jdbcType=VARCHAR},
      </if>
    </set>
    where userid = #{userid,jdbcType=INTEGER}
  </update>
  <update id="updateByPrimaryKey" parameterType="com.sxt.domain.User">
    update user
    set username = #{username,jdbcType=VARCHAR},
      userpwd = #{userpwd,jdbcType=VARCHAR},
      sex = #{sex,jdbcType=VARCHAR},
      address = #{address,jdbcType=VARCHAR}
    where userid = #{userid,jdbcType=INTEGER}
  </update>
</mapper>