<?xml version="1.0" encoding="UTF-8"?>
<beans xmlns="http://www.springframework.org/schema/beans"
	xmlns:xsi="http://www.w3.org/2001/XMLSchema-instance"
	xmlns:context="http://www.springframework.org/schema/context"
	xsi:schemaLocation="http://www.springframework.org/schema/beans http://www.springframework.org/schema/beans/spring-beans.xsd
		http://www.springframework.org/schema/context http://www.springframework.org/schema/context/spring-context-4.3.xsd">




	<!-- 声明凭证匹配器 -->
	<bean id="credentialsMatcher"
		class="org.apache.shiro.authc.credential.HashedCredentialsMatcher">
		<!-- 注入加密方式 -->
		<property name="hashAlgorithmName" value="md5"></property>
		<!-- 注入散列次数 -->
		<property name="hashIterations" value="2"></property>
	</bean>

	<!-- 声明userRealm -->
	<bean id="userRealm" class="com.sxt.realm.UserRealm">
		<!-- 注入凭证匹配器 -->
		<property name="credentialsMatcher" ref="credentialsMatcher"></property>
	</bean>

	<!-- 声明安全管理器 -->
	<bean id="securityManager"
		class="org.apache.shiro.web.mgt.DefaultWebSecurityManager">
		<!-- 注入realm -->
		<property name="realm" ref="userRealm"></property>
	</bean>


	<bean id="myauthc" class="com.sxt.filter.MyFormAuthenticationFilter"></bean>

	<!-- 配置shrio的过滤器链 -->
	<bean id="shiroFilter" class="org.apache.shiro.spring.web.ShiroFilterFactoryBean">
		<!-- 注入安全管理器 -->
		<property name="securityManager" ref="securityManager"></property>
		<!-- 注入如果没认证  跳转的页面 -->
		<!-- <property name="loginUrl" value="/index.jsp"></property> -->
		<!-- 未授权的跳转页 -->
		<property name="unauthorizedUrl" value="login/toUnauthorized.action"></property>
		
		<property name="filters">
			<map>
				<entry key="authc" value-ref="myauthc"></entry>
			</map>
		</property>
		
		<property name="filterChainDefinitions">
			<value>
				<!-- 放行系统首页 -->
			    /index.jsp*=anon
			    <!-- 放行跳转到登陆页面的地  -->  
				/login/toLogin*=anon
				<!-- 放行登陆的方法 -->
				/login/login*=anon
				<!-- 其它的页面都要认证 -->
				/**=authc
			</value>
		</property>
	</bean>
</beans>
