<?xml version="1.0" encoding="UTF-8"?>
<beans xmlns="http://www.springframework.org/schema/beans"
	xmlns:xsi="http://www.w3.org/2001/XMLSchema-instance"
	xmlns:mvc="http://www.springframework.org/schema/mvc"
	xmlns:context="http://www.springframework.org/schema/context"
	xsi:schemaLocation="http://www.springframework.org/schema/mvc http://www.springframework.org/schema/mvc/spring-mvc-4.3.xsd
		http://www.springframework.org/schema/beans http://www.springframework.org/schema/beans/spring-beans.xsd
		http://www.springframework.org/schema/context http://www.springframework.org/schema/context/spring-context-4.3.xsd">

	<!-- 扫描controller -->
	<context:component-scan base-package="com.sxt.controller"></context:component-scan>
	
	<!-- 配置适配器和映射器 -->
	<mvc:annotation-driven></mvc:annotation-driven>
	
	<!-- 配置视图解析器 -->
	<bean id="viewResolver" class="org.springframework.web.servlet.view.InternalResourceViewResolver">
		<!-- 配置前缀 -->
		<property name="prefix" value="/WEB-INF/view/"></property>
		<!-- 配置后缀 -->
		<property name="suffix" value=".jsp"></property>
	</bean>
	
	<!-- 配置文件上传的类 -->
	
	<!-- 配置拦截器 -->
	
	<!-- 配置静态资源放行 -->
	<mvc:default-servlet-handler/>
	
	
	<!-- 扫描全局处理对象 -->
	<context:component-scan base-package="com.sxt.exception"></context:component-scan>
	
	<!-- 启动Shrio的注解 -->
	<bean id="lifecycleBeanPostProcessor"
		class="org.apache.shiro.spring.LifecycleBeanPostProcessor" />
	<bean
		class="org.springframework.aop.framework.autoproxy.DefaultAdvisorAutoProxyCreator"
		depends-on="lifecycleBeanPostProcessor" />
	<bean
		class="org.apache.shiro.spring.security.interceptor.AuthorizationAttributeSourceAdvisor">
		<property name="securityManager" ref="securityManager" />
	</bean>
	
</beans>
