<?xml version="1.0" encoding="UTF-8"?>
<beans xmlns="http://www.springframework.org/schema/beans"
	xmlns:xsi="http://www.w3.org/2001/XMLSchema-instance"
	xmlns:context="http://www.springframework.org/schema/context"
	xmlns:tx="http://www.springframework.org/schema/tx"
	xmlns:aop="http://www.springframework.org/schema/aop"
	xsi:schemaLocation="http://www.springframework.org/schema/beans http://www.springframework.org/schema/beans/spring-beans.xsd
		http://www.springframework.org/schema/context http://www.springframework.org/schema/context/spring-context-4.3.xsd
		http://www.springframework.org/schema/aop http://www.springframework.org/schema/aop/spring-aop-4.3.xsd
		http://www.springframework.org/schema/tx http://www.springframework.org/schema/tx/spring-tx-4.3.xsd">

	<!-- 扫描servie -->
	<context:component-scan base-package="com.sxt.service.impl"></context:component-scan>
	
	<!-- 声明事务管理器 -->
	<bean id="transactionManager" class="org.springframework.jdbc.datasource.DataSourceTransactionManager">
		<property name="dataSource" ref="dataSource"></property>
	</bean>
	<!-- 配置事务的传播特性 -->
	<tx:advice id="myAdvise" transaction-manager="transactionManager">
		<tx:attributes>
			<tx:method name="insert*" propagation="REQUIRED"/>
			<tx:method name="add*" propagation="REQUIRED"/>
			<tx:method name="save*" propagation="REQUIRED"/>
			<tx:method name="update*" propagation="REQUIRED"/>
			<tx:method name="del*" propagation="REQUIRED"/>
			<tx:method name="reset*" propagation="REQUIRED"/>
			<tx:method name="change*" propagation="REQUIRED"/>
			<tx:method name="get*" read-only="true"/>
			<tx:method name="*" read-only="true"/>
		</tx:attributes>
	</tx:advice>
	
	<!-- 配置事务切面 -->
	<aop:config>
		<aop:pointcut expression="execution(* com.sxt.service.impl.*.*(..))" id="pc"/>
		<!-- 织入 -->
		<aop:advisor advice-ref="myAdvise" pointcut-ref="pc"/>
	</aop:config>
	
</beans>
